user_id,experiment_name,variant,assign_ts
2,reward_20pct_uplift,control,2025-11-17 04:39:00
5,reward_20pct_uplift,control,2025-11-10 19:39:00
10,reward_20pct_uplift,control,2025-11-18 06:22:00
11,reward_20pct_uplift,variant,2025-11-10 01:23:00
13,reward_20pct_uplift,variant,2025-12-04 14:20:00
15,reward_20pct_uplift,variant,2025-11-17 21:08:00
17,reward_20pct_uplift,variant,2025-11-27 05:23:00
26,reward_20pct_uplift,variant,2025-11-10 01:02:00
27,reward_20pct_uplift,control,2025-11-19 03:21:00
29,reward_20pct_uplift,control,2025-11-10 03:04:00
30,reward_20pct_uplift,control,2025-12-07 04:54:00
33,reward_20pct_uplift,control,2025-11-10 04:19:00
34,reward_20pct_uplift,variant,2025-11-10 15:17:00
35,reward_20pct_uplift,control,2025-11-19 05:21:00
36,reward_20pct_uplift,variant,2025-11-10 13:09:00
38,reward_20pct_uplift,variant,2025-11-20 09:38:00
39,reward_20pct_uplift,control,2025-11-10 15:42:00
40,reward_20pct_uplift,variant,2025-12-06 15:43:00
41,reward_20pct_uplift,variant,2025-11-16 14:13:00
47,reward_20pct_uplift,variant,2025-11-12 21:25:00
49,reward_20pct_uplift,variant,2025-12-07 04:42:00
50,reward_20pct_uplift,variant,2025-11-10 12:35:00
51,reward_20pct_uplift,variant,2025-11-10 09:27:00
52,reward_20pct_uplift,variant,2025-11-10 12:46:00
54,reward_20pct_uplift,control,2025-12-06 03:21:00
57,reward_20pct_uplift,variant,2025-11-18 07:39:00
59,reward_20pct_uplift,variant,2025-11-10 22:35:00
61,reward_20pct_uplift,control,2025-12-06 19:12:00
62,reward_20pct_uplift,control,2025-11-19 10:13:00
63,reward_20pct_uplift,control,2025-11-28 02:39:00
65,reward_20pct_uplift,control,2025-12-04 15:33:00
66,reward_20pct_uplift,control,2025-11-27 07:13:00
67,reward_20pct_uplift,control,2025-11-27 07:54:00
68,reward_20pct_uplift,variant,2025-11-10 02:19:00
70,reward_20pct_uplift,variant,2025-11-16 06:56:00
72,reward_20pct_uplift,variant,2025-11-14 05:08:00
74,reward_20pct_uplift,control,2025-11-10 00:48:00
75,reward_20pct_uplift,variant,2025-11-10 14:04:00
76,reward_20pct_uplift,control,2025-11-10 23:16:00
78,reward_20pct_uplift,control,2025-12-06 03:01:00
79,reward_20pct_uplift,variant,2025-11-27 01:15:00
81,reward_20pct_uplift,variant,2025-12-06 02:24:00
82,reward_20pct_uplift,variant,2025-11-14 13:06:00
84,reward_20pct_uplift,variant,2025-11-10 19:49:00
85,reward_20pct_uplift,variant,2025-11-10 07:25:00
86,reward_20pct_uplift,variant,2025-11-10 02:50:00
88,reward_20pct_uplift,variant,2025-11-19 02:18:00
89,reward_20pct_uplift,control,2025-11-10 14:35:00
90,reward_20pct_uplift,control,2025-11-22 08:33:00
93,reward_20pct_uplift,variant,2025-11-17 08:26:00
96,reward_20pct_uplift,variant,2025-12-03 05:43:00
97,reward_20pct_uplift,control,2025-11-10 21:30:00
98,reward_20pct_uplift,control,2025-11-10 08:59:00
103,reward_20pct_uplift,control,2025-11-10 16:58:00
111,reward_20pct_uplift,control,2025-11-18 17:48:00
114,reward_20pct_uplift,control,2025-11-29 01:25:00
115,reward_20pct_uplift,variant,2025-11-10 05:57:00
119,reward_20pct_uplift,control,2025-11-16 21:29:00
120,reward_20pct_uplift,control,2025-12-03 21:11:00
121,reward_20pct_uplift,control,2025-11-29 09:56:00
122,reward_20pct_uplift,variant,2025-12-05 03:44:00
123,reward_20pct_uplift,control,2025-11-10 07:09:00
124,reward_20pct_uplift,control,2025-11-14 22:46:00
125,reward_20pct_uplift,variant,2025-11-10 16:08:00
126,reward_20pct_uplift,variant,2025-11-21 01:48:00
130,reward_20pct_uplift,control,2025-11-30 17:13:00
131,reward_20pct_uplift,variant,2025-11-10 03:31:00
133,reward_20pct_uplift,control,2025-11-29 07:16:00
134,reward_20pct_uplift,variant,2025-11-10 11:33:00
135,reward_20pct_uplift,control,2025-11-30 08:26:00
136,reward_20pct_uplift,variant,2025-11-10 16:45:00
138,reward_20pct_uplift,variant,2025-11-20 03:45:00
141,reward_20pct_uplift,variant,2025-11-21 21:02:00
142,reward_20pct_uplift,variant,2025-11-21 14:14:00
146,reward_20pct_uplift,control,2025-11-10 07:20:00
148,reward_20pct_uplift,variant,2025-11-24 22:57:00
149,reward_20pct_uplift,control,2025-11-17 11:28:00
150,reward_20pct_uplift,control,2025-11-10 09:59:00
153,reward_20pct_uplift,variant,2025-11-10 00:30:00
154,reward_20pct_uplift,variant,2025-11-27 23:54:00
156,reward_20pct_uplift,variant,2025-12-07 20:18:00
157,reward_20pct_uplift,variant,2025-11-10 04:14:00
158,reward_20pct_uplift,variant,2025-12-06 22:44:00
161,reward_20pct_uplift,variant,2025-11-10 19:06:00
164,reward_20pct_uplift,variant,2025-11-10 10:06:00
165,reward_20pct_uplift,variant,2025-11-27 22:16:00
166,reward_20pct_uplift,control,2025-11-10 13:25:00
169,reward_20pct_uplift,variant,2025-11-10 16:30:00
171,reward_20pct_uplift,variant,2025-11-10 04:23:00
172,reward_20pct_uplift,variant,2025-11-23 02:37:00
175,reward_20pct_uplift,control,2025-11-10 12:39:00
176,reward_20pct_uplift,control,2025-11-10 07:50:00
177,reward_20pct_uplift,control,2025-11-16 23:33:00
183,reward_20pct_uplift,control,2025-11-24 02:03:00
187,reward_20pct_uplift,variant,2025-11-10 18:18:00
192,reward_20pct_uplift,control,2025-11-10 14:26:00
195,reward_20pct_uplift,control,2025-11-10 21:05:00
197,reward_20pct_uplift,variant,2025-12-01 23:57:00
199,reward_20pct_uplift,control,2025-11-10 20:53:00
203,reward_20pct_uplift,control,2025-11-22 08:59:00
208,reward_20pct_uplift,variant,2025-12-07 16:41:00
210,reward_20pct_uplift,variant,2025-11-23 03:54:00
211,reward_20pct_uplift,variant,2025-12-08 11:39:00
212,reward_20pct_uplift,variant,2025-11-29 06:26:00
213,reward_20pct_uplift,variant,2025-11-10 06:00:00
217,reward_20pct_uplift,control,2025-11-10 13:41:00
218,reward_20pct_uplift,variant,2025-11-10 03:02:00
220,reward_20pct_uplift,variant,2025-11-13 13:39:00
221,reward_20pct_uplift,variant,2025-11-10 09:37:00
222,reward_20pct_uplift,control,2025-11-21 05:30:00
223,reward_20pct_uplift,control,2025-12-06 13:29:00
231,reward_20pct_uplift,control,2025-11-10 18:01:00
234,reward_20pct_uplift,variant,2025-11-30 14:38:00
237,reward_20pct_uplift,variant,2025-11-19 02:06:00
239,reward_20pct_uplift,control,2025-11-10 13:29:00
244,reward_20pct_uplift,variant,2025-11-25 14:57:00
245,reward_20pct_uplift,variant,2025-12-01 16:24:00
247,reward_20pct_uplift,variant,2025-12-01 10:13:00
248,reward_20pct_uplift,control,2025-11-14 02:16:00
249,reward_20pct_uplift,variant,2025-11-10 03:03:00
250,reward_20pct_uplift,variant,2025-11-15 07:57:00
251,reward_20pct_uplift,variant,2025-12-05 15:13:00
253,reward_20pct_uplift,variant,2025-11-18 17:44:00
254,reward_20pct_uplift,variant,2025-11-10 16:09:00
255,reward_20pct_uplift,control,2025-11-10 07:29:00
260,reward_20pct_uplift,variant,2025-11-30 10:33:00
264,reward_20pct_uplift,control,2025-11-10 01:07:00
266,reward_20pct_uplift,variant,2025-11-10 19:09:00
267,reward_20pct_uplift,variant,2025-11-10 08:28:00
268,reward_20pct_uplift,variant,2025-11-10 12:13:00
269,reward_20pct_uplift,variant,2025-11-10 10:47:00
270,reward_20pct_uplift,control,2025-11-10 06:51:00
271,reward_20pct_uplift,control,2025-11-10 04:02:00
272,reward_20pct_uplift,variant,2025-11-10 22:53:00
273,reward_20pct_uplift,control,2025-11-10 02:52:00
274,reward_20pct_uplift,control,2025-11-30 22:39:00
276,reward_20pct_uplift,variant,2025-11-12 02:43:00
277,reward_20pct_uplift,control,2025-11-10 02:17:00
278,reward_20pct_uplift,control,2025-11-22 21:40:00
281,reward_20pct_uplift,control,2025-11-10 22:42:00
282,reward_20pct_uplift,variant,2025-11-10 21:29:00
283,reward_20pct_uplift,control,2025-11-10 18:36:00
284,reward_20pct_uplift,variant,2025-11-10 11:49:00
285,reward_20pct_uplift,variant,2025-11-28 02:33:00
286,reward_20pct_uplift,control,2025-11-14 14:11:00
288,reward_20pct_uplift,control,2025-11-10 12:27:00
289,reward_20pct_uplift,control,2025-11-24 17:39:00
300,reward_20pct_uplift,variant,2025-12-04 00:50:00
303,reward_20pct_uplift,control,2025-11-25 01:51:00
304,reward_20pct_uplift,control,2025-11-23 14:07:00
306,reward_20pct_uplift,control,2025-11-19 20:31:00
307,reward_20pct_uplift,control,2025-11-12 22:23:00
308,reward_20pct_uplift,variant,2025-12-04 13:39:00
309,reward_20pct_uplift,control,2025-11-10 08:50:00
310,reward_20pct_uplift,variant,2025-11-10 11:19:00
311,reward_20pct_uplift,control,2025-11-20 12:12:00
313,reward_20pct_uplift,variant,2025-11-10 14:51:00
314,reward_20pct_uplift,variant,2025-11-10 05:27:00
315,reward_20pct_uplift,control,2025-11-10 09:19:00
316,reward_20pct_uplift,variant,2025-11-10 12:58:00
317,reward_20pct_uplift,variant,2025-11-11 20:25:00
318,reward_20pct_uplift,variant,2025-12-08 19:15:00
319,reward_20pct_uplift,variant,2025-11-10 18:05:00
322,reward_20pct_uplift,variant,2025-11-20 05:09:00
323,reward_20pct_uplift,control,2025-11-10 09:45:00
324,reward_20pct_uplift,variant,2025-11-25 13:17:00
329,reward_20pct_uplift,control,2025-12-03 23:13:00
335,reward_20pct_uplift,variant,2025-11-10 08:30:00
336,reward_20pct_uplift,variant,2025-12-02 22:02:00
337,reward_20pct_uplift,variant,2025-11-10 17:56:00
339,reward_20pct_uplift,variant,2025-11-10 15:12:00
344,reward_20pct_uplift,control,2025-11-30 16:50:00
348,reward_20pct_uplift,variant,2025-11-10 19:02:00
349,reward_20pct_uplift,control,2025-11-30 16:46:00
350,reward_20pct_uplift,variant,2025-11-10 16:08:00
354,reward_20pct_uplift,variant,2025-11-28 09:04:00
355,reward_20pct_uplift,control,2025-11-19 10:16:00
356,reward_20pct_uplift,variant,2025-11-24 14:22:00
360,reward_20pct_uplift,control,2025-12-01 20:14:00
362,reward_20pct_uplift,variant,2025-11-10 15:37:00
364,reward_20pct_uplift,variant,2025-11-10 23:42:00
365,reward_20pct_uplift,variant,2025-12-05 16:20:00
366,reward_20pct_uplift,variant,2025-11-15 09:46:00
368,reward_20pct_uplift,control,2025-12-07 13:48:00
372,reward_20pct_uplift,control,2025-11-10 14:57:00
373,reward_20pct_uplift,control,2025-11-10 20:48:00
374,reward_20pct_uplift,control,2025-11-10 06:08:00
376,reward_20pct_uplift,control,2025-11-10 05:58:00
378,reward_20pct_uplift,variant,2025-11-16 04:50:00
379,reward_20pct_uplift,variant,2025-11-11 01:20:00
381,reward_20pct_uplift,control,2025-11-27 16:12:00
384,reward_20pct_uplift,variant,2025-11-20 23:06:00
385,reward_20pct_uplift,variant,2025-11-11 14:43:00
389,reward_20pct_uplift,control,2025-11-10 01:27:00
391,reward_20pct_uplift,variant,2025-12-04 08:45:00
393,reward_20pct_uplift,control,2025-11-30 21:40:00
394,reward_20pct_uplift,variant,2025-12-08 01:14:00
395,reward_20pct_uplift,variant,2025-11-10 14:41:00
396,reward_20pct_uplift,control,2025-11-18 10:34:00
400,reward_20pct_uplift,control,2025-11-17 22:02:00
401,reward_20pct_uplift,variant,2025-11-10 12:18:00
404,reward_20pct_uplift,control,2025-11-10 13:33:00
409,reward_20pct_uplift,variant,2025-11-10 17:20:00
411,reward_20pct_uplift,variant,2025-12-06 19:42:00
415,reward_20pct_uplift,control,2025-11-10 12:22:00
416,reward_20pct_uplift,variant,2025-11-10 17:18:00
421,reward_20pct_uplift,variant,2025-12-05 19:19:00
422,reward_20pct_uplift,control,2025-11-10 12:36:00
423,reward_20pct_uplift,variant,2025-11-10 17:11:00
424,reward_20pct_uplift,control,2025-11-10 08:43:00
425,reward_20pct_uplift,variant,2025-12-01 08:31:00
429,reward_20pct_uplift,control,2025-11-10 00:04:00
435,reward_20pct_uplift,control,2025-11-10 16:03:00
437,reward_20pct_uplift,variant,2025-11-10 06:01:00
438,reward_20pct_uplift,variant,2025-11-22 19:31:00
442,reward_20pct_uplift,control,2025-11-10 22:50:00
445,reward_20pct_uplift,variant,2025-11-10 21:01:00
448,reward_20pct_uplift,variant,2025-12-02 06:36:00
450,reward_20pct_uplift,control,2025-12-02 15:38:00
451,reward_20pct_uplift,variant,2025-11-10 18:02:00
454,reward_20pct_uplift,variant,2025-11-10 12:08:00
456,reward_20pct_uplift,variant,2025-11-10 12:12:00
458,reward_20pct_uplift,variant,2025-11-18 10:30:00
460,reward_20pct_uplift,variant,2025-12-04 07:24:00
461,reward_20pct_uplift,variant,2025-11-28 13:45:00
462,reward_20pct_uplift,variant,2025-11-10 23:47:00
464,reward_20pct_uplift,control,2025-11-10 05:15:00
465,reward_20pct_uplift,control,2025-11-29 01:07:00
467,reward_20pct_uplift,variant,2025-12-05 01:20:00
470,reward_20pct_uplift,variant,2025-11-23 13:58:00
471,reward_20pct_uplift,control,2025-11-13 06:28:00
472,reward_20pct_uplift,control,2025-11-20 11:04:00
473,reward_20pct_uplift,control,2025-11-10 22:48:00
474,reward_20pct_uplift,variant,2025-11-10 01:50:00
477,reward_20pct_uplift,variant,2025-11-16 04:11:00
478,reward_20pct_uplift,variant,2025-12-02 05:08:00
479,reward_20pct_uplift,control,2025-12-04 10:58:00
480,reward_20pct_uplift,variant,2025-11-14 16:39:00
481,reward_20pct_uplift,control,2025-11-14 04:23:00
483,reward_20pct_uplift,control,2025-11-30 02:35:00
485,reward_20pct_uplift,control,2025-11-10 02:03:00
486,reward_20pct_uplift,variant,2025-11-15 19:13:00
487,reward_20pct_uplift,variant,2025-11-20 00:42:00
488,reward_20pct_uplift,control,2025-11-10 15:00:00
489,reward_20pct_uplift,control,2025-11-28 13:52:00
492,reward_20pct_uplift,variant,2025-12-05 02:25:00
493,reward_20pct_uplift,control,2025-12-05 13:15:00
494,reward_20pct_uplift,control,2025-11-10 06:53:00
497,reward_20pct_uplift,control,2025-11-16 12:21:00
498,reward_20pct_uplift,control,2025-12-03 03:17:00
500,reward_20pct_uplift,control,2025-11-23 16:01:00
504,reward_20pct_uplift,variant,2025-11-22 19:08:00
505,reward_20pct_uplift,control,2025-11-24 00:04:00
507,reward_20pct_uplift,control,2025-11-10 12:47:00
509,reward_20pct_uplift,variant,2025-11-21 15:32:00
510,reward_20pct_uplift,control,2025-11-10 00:04:00
514,reward_20pct_uplift,variant,2025-11-10 17:22:00
516,reward_20pct_uplift,control,2025-11-10 13:01:00
517,reward_20pct_uplift,variant,2025-11-10 07:21:00
522,reward_20pct_uplift,control,2025-11-10 11:35:00
524,reward_20pct_uplift,variant,2025-12-01 16:22:00
526,reward_20pct_uplift,variant,2025-11-10 15:26:00
530,reward_20pct_uplift,variant,2025-11-10 18:38:00
531,reward_20pct_uplift,variant,2025-12-08 00:50:00
533,reward_20pct_uplift,control,2025-11-12 18:53:00
534,reward_20pct_uplift,control,2025-12-04 00:51:00
536,reward_20pct_uplift,variant,2025-11-10 15:36:00
537,reward_20pct_uplift,variant,2025-11-24 08:23:00
538,reward_20pct_uplift,control,2025-11-10 01:31:00
542,reward_20pct_uplift,variant,2025-11-27 16:31:00
546,reward_20pct_uplift,variant,2025-11-17 13:15:00
547,reward_20pct_uplift,variant,2025-11-12 15:59:00
548,reward_20pct_uplift,variant,2025-11-10 09:01:00
550,reward_20pct_uplift,variant,2025-11-16 06:40:00
551,reward_20pct_uplift,control,2025-11-19 14:59:00
552,reward_20pct_uplift,variant,2025-11-10 05:11:00
557,reward_20pct_uplift,control,2025-11-10 19:29:00
558,reward_20pct_uplift,control,2025-11-21 16:23:00
560,reward_20pct_uplift,variant,2025-11-21 23:59:00
561,reward_20pct_uplift,variant,2025-11-10 00:39:00
565,reward_20pct_uplift,control,2025-12-05 14:03:00
568,reward_20pct_uplift,variant,2025-11-10 13:21:00
570,reward_20pct_uplift,control,2025-11-25 20:34:00
571,reward_20pct_uplift,control,2025-11-10 10:10:00
573,reward_20pct_uplift,variant,2025-11-20 22:28:00
576,reward_20pct_uplift,variant,2025-11-22 05:44:00
580,reward_20pct_uplift,variant,2025-11-10 20:30:00
581,reward_20pct_uplift,control,2025-11-22 12:29:00
582,reward_20pct_uplift,variant,2025-11-25 22:39:00
583,reward_20pct_uplift,control,2025-11-10 05:12:00
584,reward_20pct_uplift,variant,2025-11-13 06:14:00
586,reward_20pct_uplift,control,2025-12-03 13:32:00
589,reward_20pct_uplift,variant,2025-11-10 13:14:00
590,reward_20pct_uplift,control,2025-11-10 03:34:00
594,reward_20pct_uplift,control,2025-11-30 15:37:00
595,reward_20pct_uplift,control,2025-11-10 09:44:00
596,reward_20pct_uplift,variant,2025-11-10 03:37:00
598,reward_20pct_uplift,variant,2025-12-03 12:15:00
600,reward_20pct_uplift,variant,2025-12-02 16:44:00
601,reward_20pct_uplift,control,2025-11-20 00:45:00
610,reward_20pct_uplift,control,2025-11-17 22:05:00
611,reward_20pct_uplift,variant,2025-11-27 14:39:00
612,reward_20pct_uplift,control,2025-12-05 06:15:00
618,reward_20pct_uplift,variant,2025-11-10 18:00:00
619,reward_20pct_uplift,control,2025-11-10 20:14:00
622,reward_20pct_uplift,variant,2025-11-21 22:56:00
624,reward_20pct_uplift,variant,2025-11-19 18:58:00
626,reward_20pct_uplift,control,2025-11-14 04:52:00
628,reward_20pct_uplift,control,2025-11-10 03:55:00
634,reward_20pct_uplift,variant,2025-11-10 05:00:00
635,reward_20pct_uplift,control,2025-11-10 21:00:00
636,reward_20pct_uplift,variant,2025-11-10 07:18:00
637,reward_20pct_uplift,variant,2025-12-07 07:55:00
644,reward_20pct_uplift,control,2025-11-10 21:22:00
647,reward_20pct_uplift,variant,2025-11-10 04:54:00
648,reward_20pct_uplift,control,2025-11-23 09:45:00
649,reward_20pct_uplift,variant,2025-12-07 07:06:00
650,reward_20pct_uplift,control,2025-11-10 07:14:00
651,reward_20pct_uplift,variant,2025-11-13 14:17:00
653,reward_20pct_uplift,control,2025-12-07 17:47:00
656,reward_20pct_uplift,control,2025-11-10 06:21:00
659,reward_20pct_uplift,control,2025-11-30 00:54:00
660,reward_20pct_uplift,control,2025-11-13 15:20:00
663,reward_20pct_uplift,variant,2025-11-10 13:10:00
669,reward_20pct_uplift,control,2025-11-10 15:49:00
670,reward_20pct_uplift,control,2025-11-14 10:48:00
671,reward_20pct_uplift,control,2025-11-10 18:38:00
672,reward_20pct_uplift,control,2025-11-29 14:59:00
675,reward_20pct_uplift,control,2025-11-30 18:10:00
676,reward_20pct_uplift,control,2025-11-12 17:32:00
679,reward_20pct_uplift,variant,2025-11-10 11:55:00
680,reward_20pct_uplift,variant,2025-11-10 07:47:00
682,reward_20pct_uplift,variant,2025-11-10 13:58:00
684,reward_20pct_uplift,control,2025-11-18 15:16:00
686,reward_20pct_uplift,variant,2025-11-10 13:43:00
687,reward_20pct_uplift,variant,2025-11-15 12:35:00
691,reward_20pct_uplift,variant,2025-11-10 08:13:00
696,reward_20pct_uplift,control,2025-11-25 03:12:00
698,reward_20pct_uplift,control,2025-11-30 10:15:00
700,reward_20pct_uplift,control,2025-11-10 21:09:00
703,reward_20pct_uplift,control,2025-11-10 17:12:00
706,reward_20pct_uplift,variant,2025-11-27 18:06:00
709,reward_20pct_uplift,control,2025-11-16 17:41:00
716,reward_20pct_uplift,control,2025-11-10 22:07:00
717,reward_20pct_uplift,control,2025-11-27 05:25:00
718,reward_20pct_uplift,control,2025-11-10 17:17:00
719,reward_20pct_uplift,control,2025-12-05 01:40:00
721,reward_20pct_uplift,control,2025-11-23 05:52:00
723,reward_20pct_uplift,variant,2025-11-10 00:42:00
725,reward_20pct_uplift,control,2025-11-10 10:19:00
727,reward_20pct_uplift,variant,2025-11-10 03:22:00
728,reward_20pct_uplift,variant,2025-11-10 09:17:00
729,reward_20pct_uplift,variant,2025-11-18 03:13:00
730,reward_20pct_uplift,variant,2025-11-23 00:51:00
733,reward_20pct_uplift,control,2025-11-10 11:27:00
734,reward_20pct_uplift,variant,2025-11-11 09:51:00
737,reward_20pct_uplift,variant,2025-11-10 10:00:00
738,reward_20pct_uplift,control,2025-11-10 08:17:00
739,reward_20pct_uplift,control,2025-11-12 09:49:00
740,reward_20pct_uplift,variant,2025-11-14 00:05:00
741,reward_20pct_uplift,control,2025-11-10 11:28:00
744,reward_20pct_uplift,variant,2025-11-10 20:19:00
745,reward_20pct_uplift,control,2025-11-23 03:20:00
746,reward_20pct_uplift,control,2025-11-21 03:27:00
748,reward_20pct_uplift,variant,2025-11-16 18:43:00
752,reward_20pct_uplift,variant,2025-11-10 12:01:00
754,reward_20pct_uplift,variant,2025-11-20 06:10:00
755,reward_20pct_uplift,variant,2025-12-07 18:49:00
763,reward_20pct_uplift,variant,2025-11-10 07:47:00
764,reward_20pct_uplift,control,2025-11-10 14:30:00
768,reward_20pct_uplift,variant,2025-11-10 13:20:00
769,reward_20pct_uplift,control,2025-11-10 04:03:00
770,reward_20pct_uplift,control,2025-12-02 18:07:00
771,reward_20pct_uplift,variant,2025-11-10 14:50:00
772,reward_20pct_uplift,control,2025-11-28 05:00:00
773,reward_20pct_uplift,variant,2025-11-30 18:10:00
775,reward_20pct_uplift,control,2025-11-10 14:53:00
777,reward_20pct_uplift,control,2025-12-02 20:30:00
778,reward_20pct_uplift,control,2025-11-10 19:40:00
781,reward_20pct_uplift,variant,2025-11-10 07:38:00
783,reward_20pct_uplift,variant,2025-11-18 22:28:00
784,reward_20pct_uplift,control,2025-12-01 00:48:00
786,reward_20pct_uplift,control,2025-11-10 08:01:00
788,reward_20pct_uplift,control,2025-11-10 14:35:00
790,reward_20pct_uplift,control,2025-12-01 12:50:00
792,reward_20pct_uplift,variant,2025-11-14 05:25:00
793,reward_20pct_uplift,variant,2025-11-10 04:47:00
794,reward_20pct_uplift,control,2025-11-10 18:44:00
795,reward_20pct_uplift,control,2025-11-10 21:01:00
796,reward_20pct_uplift,variant,2025-11-10 16:19:00
797,reward_20pct_uplift,control,2025-11-10 12:43:00
798,reward_20pct_uplift,control,2025-11-10 18:33:00
802,reward_20pct_uplift,variant,2025-11-10 05:45:00
805,reward_20pct_uplift,control,2025-11-10 23:13:00
806,reward_20pct_uplift,control,2025-11-10 02:59:00
807,reward_20pct_uplift,control,2025-12-08 14:01:00
808,reward_20pct_uplift,variant,2025-11-10 08:11:00
809,reward_20pct_uplift,control,2025-11-23 21:42:00
811,reward_20pct_uplift,variant,2025-11-10 05:52:00
812,reward_20pct_uplift,control,2025-11-10 15:24:00
815,reward_20pct_uplift,control,2025-11-10 03:45:00
818,reward_20pct_uplift,variant,2025-11-25 04:21:00
819,reward_20pct_uplift,control,2025-12-02 09:59:00
821,reward_20pct_uplift,control,2025-11-10 19:11:00
822,reward_20pct_uplift,control,2025-11-30 06:40:00
823,reward_20pct_uplift,variant,2025-11-10 16:38:00
824,reward_20pct_uplift,control,2025-12-06 13:42:00
826,reward_20pct_uplift,variant,2025-11-10 23:28:00
827,reward_20pct_uplift,control,2025-11-30 07:13:00
828,reward_20pct_uplift,control,2025-11-10 05:50:00
830,reward_20pct_uplift,control,2025-11-10 21:39:00
831,reward_20pct_uplift,control,2025-12-02 07:59:00
832,reward_20pct_uplift,variant,2025-11-27 05:09:00
833,reward_20pct_uplift,control,2025-11-13 19:42:00
834,reward_20pct_uplift,variant,2025-12-07 19:30:00
839,reward_20pct_uplift,control,2025-11-15 01:30:00
840,reward_20pct_uplift,variant,2025-11-23 20:32:00
841,reward_20pct_uplift,control,2025-11-10 15:11:00
844,reward_20pct_uplift,variant,2025-11-14 06:41:00
845,reward_20pct_uplift,control,2025-11-10 12:51:00
847,reward_20pct_uplift,variant,2025-11-12 05:43:00
848,reward_20pct_uplift,variant,2025-12-07 04:03:00
852,reward_20pct_uplift,variant,2025-11-10 03:10:00
855,reward_20pct_uplift,control,2025-11-10 03:57:00
859,reward_20pct_uplift,variant,2025-11-11 13:59:00
860,reward_20pct_uplift,control,2025-11-24 19:26:00
864,reward_20pct_uplift,control,2025-11-28 11:40:00
877,reward_20pct_uplift,control,2025-11-12 00:22:00
878,reward_20pct_uplift,variant,2025-11-10 10:17:00
879,reward_20pct_uplift,control,2025-12-01 17:55:00
880,reward_20pct_uplift,variant,2025-11-29 20:02:00
881,reward_20pct_uplift,variant,2025-11-14 17:35:00
884,reward_20pct_uplift,control,2025-11-19 08:51:00
885,reward_20pct_uplift,control,2025-11-10 15:35:00
888,reward_20pct_uplift,variant,2025-11-10 01:38:00
889,reward_20pct_uplift,control,2025-11-10 09:49:00
890,reward_20pct_uplift,control,2025-12-08 12:53:00
891,reward_20pct_uplift,control,2025-11-10 00:40:00
893,reward_20pct_uplift,variant,2025-11-10 00:20:00
894,reward_20pct_uplift,control,2025-11-10 19:14:00
897,reward_20pct_uplift,control,2025-11-10 05:17:00
900,reward_20pct_uplift,control,2025-11-24 03:01:00
901,reward_20pct_uplift,control,2025-11-19 14:12:00
902,reward_20pct_uplift,variant,2025-11-10 06:44:00
903,reward_20pct_uplift,variant,2025-11-10 23:30:00
906,reward_20pct_uplift,variant,2025-12-05 22:43:00
907,reward_20pct_uplift,variant,2025-11-22 19:46:00
908,reward_20pct_uplift,control,2025-11-10 07:14:00
910,reward_20pct_uplift,variant,2025-11-10 21:00:00
917,reward_20pct_uplift,variant,2025-11-10 06:07:00
919,reward_20pct_uplift,variant,2025-11-10 05:45:00
920,reward_20pct_uplift,variant,2025-11-27 23:21:00
921,reward_20pct_uplift,control,2025-11-10 16:10:00
924,reward_20pct_uplift,variant,2025-11-26 02:03:00
925,reward_20pct_uplift,control,2025-11-10 21:16:00
929,reward_20pct_uplift,variant,2025-11-29 03:51:00
931,reward_20pct_uplift,control,2025-11-10 16:21:00
932,reward_20pct_uplift,variant,2025-11-10 10:31:00
933,reward_20pct_uplift,variant,2025-11-13 00:25:00
936,reward_20pct_uplift,variant,2025-11-10 18:54:00
940,reward_20pct_uplift,control,2025-11-10 16:28:00
943,reward_20pct_uplift,variant,2025-11-10 21:13:00
944,reward_20pct_uplift,variant,2025-11-14 14:40:00
945,reward_20pct_uplift,variant,2025-11-18 18:08:00
946,reward_20pct_uplift,variant,2025-11-10 21:44:00
950,reward_20pct_uplift,variant,2025-11-10 23:25:00
951,reward_20pct_uplift,variant,2025-11-25 13:27:00
952,reward_20pct_uplift,control,2025-11-10 00:24:00
954,reward_20pct_uplift,control,2025-11-10 08:18:00
958,reward_20pct_uplift,variant,2025-11-24 14:52:00
959,reward_20pct_uplift,variant,2025-11-21 02:37:00
960,reward_20pct_uplift,control,2025-11-25 02:47:00
961,reward_20pct_uplift,control,2025-11-25 09:28:00
962,reward_20pct_uplift,control,2025-11-16 21:50:00
966,reward_20pct_uplift,variant,2025-11-20 07:43:00
969,reward_20pct_uplift,variant,2025-11-27 22:26:00
971,reward_20pct_uplift,variant,2025-11-10 19:16:00
973,reward_20pct_uplift,control,2025-11-10 07:16:00
976,reward_20pct_uplift,control,2025-12-01 05:32:00
977,reward_20pct_uplift,variant,2025-11-19 19:51:00
980,reward_20pct_uplift,control,2025-11-10 18:08:00
984,reward_20pct_uplift,control,2025-11-19 15:07:00
985,reward_20pct_uplift,control,2025-11-10 23:28:00
988,reward_20pct_uplift,variant,2025-11-10 02:24:00
991,reward_20pct_uplift,control,2025-12-03 09:15:00
994,reward_20pct_uplift,control,2025-11-10 14:27:00
996,reward_20pct_uplift,control,2025-11-16 01:43:00
997,reward_20pct_uplift,variant,2025-12-04 23:25:00
998,reward_20pct_uplift,control,2025-11-10 13:43:00
1002,reward_20pct_uplift,control,2025-11-18 07:23:00
1004,reward_20pct_uplift,control,2025-11-10 05:44:00
1005,reward_20pct_uplift,control,2025-12-03 00:01:00
1006,reward_20pct_uplift,variant,2025-11-12 14:13:00
1008,reward_20pct_uplift,variant,2025-11-10 23:26:00
1010,reward_20pct_uplift,control,2025-11-19 00:52:00
1011,reward_20pct_uplift,variant,2025-12-06 09:56:00
1012,reward_20pct_uplift,control,2025-12-01 15:53:00
1013,reward_20pct_uplift,variant,2025-11-20 10:20:00
1015,reward_20pct_uplift,control,2025-11-10 15:37:00
1017,reward_20pct_uplift,control,2025-12-07 17:06:00
1020,reward_20pct_uplift,variant,2025-11-17 23:10:00
1024,reward_20pct_uplift,variant,2025-11-25 14:30:00
1025,reward_20pct_uplift,variant,2025-12-06 17:02:00
1026,reward_20pct_uplift,variant,2025-11-10 07:14:00
1028,reward_20pct_uplift,variant,2025-11-10 03:37:00
1030,reward_20pct_uplift,variant,2025-11-13 02:23:00
1031,reward_20pct_uplift,control,2025-11-27 02:37:00
1035,reward_20pct_uplift,control,2025-11-15 19:51:00
1036,reward_20pct_uplift,variant,2025-12-05 00:58:00
1038,reward_20pct_uplift,variant,2025-11-14 11:36:00
1039,reward_20pct_uplift,variant,2025-11-17 14:43:00
1040,reward_20pct_uplift,control,2025-11-10 16:08:00
1041,reward_20pct_uplift,control,2025-11-10 01:35:00
1042,reward_20pct_uplift,control,2025-12-06 20:39:00
1043,reward_20pct_uplift,variant,2025-12-05 10:29:00
1044,reward_20pct_uplift,control,2025-12-06 00:25:00
1046,reward_20pct_uplift,variant,2025-11-10 03:11:00
1050,reward_20pct_uplift,control,2025-11-10 20:37:00
1051,reward_20pct_uplift,control,2025-12-06 22:38:00
1054,reward_20pct_uplift,variant,2025-11-10 18:02:00
1055,reward_20pct_uplift,control,2025-11-10 08:00:00
1056,reward_20pct_uplift,variant,2025-12-07 22:43:00
1058,reward_20pct_uplift,control,2025-11-10 06:37:00
1059,reward_20pct_uplift,variant,2025-11-26 05:36:00
1062,reward_20pct_uplift,variant,2025-12-01 18:21:00
1064,reward_20pct_uplift,variant,2025-12-03 07:44:00
1065,reward_20pct_uplift,control,2025-11-10 12:28:00
1067,reward_20pct_uplift,control,2025-11-13 15:52:00
1068,reward_20pct_uplift,variant,2025-12-08 03:59:00
1073,reward_20pct_uplift,variant,2025-11-17 22:13:00
1076,reward_20pct_uplift,variant,2025-11-10 03:59:00
1080,reward_20pct_uplift,variant,2025-11-10 23:49:00
1081,reward_20pct_uplift,variant,2025-11-10 06:39:00
1089,reward_20pct_uplift,variant,2025-11-20 10:00:00
1090,reward_20pct_uplift,variant,2025-11-18 06:04:00
1091,reward_20pct_uplift,variant,2025-11-10 12:56:00
1092,reward_20pct_uplift,variant,2025-12-04 00:01:00
1094,reward_20pct_uplift,variant,2025-11-10 04:05:00
1095,reward_20pct_uplift,variant,2025-11-29 12:27:00
1096,reward_20pct_uplift,control,2025-11-14 16:39:00
1097,reward_20pct_uplift,control,2025-11-10 23:06:00
1100,reward_20pct_uplift,variant,2025-11-10 20:05:00
1102,reward_20pct_uplift,variant,2025-11-10 22:07:00
1105,reward_20pct_uplift,control,2025-11-10 19:10:00
1107,reward_20pct_uplift,variant,2025-11-10 18:38:00
1108,reward_20pct_uplift,variant,2025-11-12 08:18:00
1111,reward_20pct_uplift,variant,2025-11-10 21:43:00
1113,reward_20pct_uplift,variant,2025-12-02 23:07:00
1119,reward_20pct_uplift,control,2025-11-10 12:19:00
1121,reward_20pct_uplift,control,2025-12-06 02:53:00
1122,reward_20pct_uplift,control,2025-11-10 01:01:00
1125,reward_20pct_uplift,variant,2025-11-15 11:51:00
1126,reward_20pct_uplift,control,2025-11-27 15:14:00
1127,reward_20pct_uplift,variant,2025-11-22 13:18:00
1129,reward_20pct_uplift,variant,2025-12-05 21:30:00
1132,reward_20pct_uplift,variant,2025-11-23 12:52:00
1133,reward_20pct_uplift,variant,2025-11-10 15:51:00
1136,reward_20pct_uplift,variant,2025-11-10 18:11:00
1137,reward_20pct_uplift,variant,2025-11-19 21:28:00
1138,reward_20pct_uplift,control,2025-11-15 14:37:00
1140,reward_20pct_uplift,control,2025-12-07 13:22:00
1145,reward_20pct_uplift,variant,2025-11-14 01:51:00
1149,reward_20pct_uplift,control,2025-11-21 15:24:00
1153,reward_20pct_uplift,variant,2025-11-10 04:18:00
1157,reward_20pct_uplift,control,2025-11-10 08:50:00
1159,reward_20pct_uplift,variant,2025-11-16 12:46:00
1161,reward_20pct_uplift,control,2025-11-10 01:59:00
1162,reward_20pct_uplift,variant,2025-12-05 16:40:00
1165,reward_20pct_uplift,control,2025-11-10 06:43:00
1170,reward_20pct_uplift,variant,2025-11-10 12:20:00
1177,reward_20pct_uplift,control,2025-11-19 08:24:00
1180,reward_20pct_uplift,variant,2025-11-10 08:31:00
1182,reward_20pct_uplift,control,2025-11-10 09:27:00
1184,reward_20pct_uplift,variant,2025-11-10 01:13:00
1187,reward_20pct_uplift,variant,2025-11-13 04:41:00
1190,reward_20pct_uplift,variant,2025-12-05 18:51:00
1191,reward_20pct_uplift,variant,2025-11-17 02:55:00
1196,reward_20pct_uplift,variant,2025-11-10 11:55:00
1198,reward_20pct_uplift,variant,2025-12-05 03:21:00
1201,reward_20pct_uplift,control,2025-11-28 12:55:00
1202,reward_20pct_uplift,variant,2025-11-26 15:26:00
1205,reward_20pct_uplift,control,2025-11-10 11:15:00
1206,reward_20pct_uplift,variant,2025-11-10 18:30:00
1207,reward_20pct_uplift,control,2025-12-01 06:22:00
1208,reward_20pct_uplift,control,2025-11-21 13:23:00
1209,reward_20pct_uplift,variant,2025-11-10 06:37:00
1216,reward_20pct_uplift,control,2025-11-24 12:12:00
1218,reward_20pct_uplift,control,2025-11-28 01:31:00
1220,reward_20pct_uplift,control,2025-11-10 06:27:00
1221,reward_20pct_uplift,variant,2025-11-10 16:58:00
1224,reward_20pct_uplift,control,2025-12-04 18:40:00
1225,reward_20pct_uplift,control,2025-11-10 06:31:00
1227,reward_20pct_uplift,variant,2025-11-19 06:11:00
1228,reward_20pct_uplift,variant,2025-11-20 07:09:00
1231,reward_20pct_uplift,control,2025-11-10 06:42:00
1232,reward_20pct_uplift,variant,2025-11-29 23:50:00
1233,reward_20pct_uplift,control,2025-11-10 15:37:00
1234,reward_20pct_uplift,variant,2025-12-07 09:15:00
1235,reward_20pct_uplift,control,2025-11-10 11:05:00
1236,reward_20pct_uplift,control,2025-11-10 12:15:00
1237,reward_20pct_uplift,control,2025-11-10 13:16:00
1238,reward_20pct_uplift,variant,2025-11-15 09:16:00
1242,reward_20pct_uplift,control,2025-11-10 23:23:00
1243,reward_20pct_uplift,variant,2025-11-10 06:57:00
1252,reward_20pct_uplift,control,2025-11-10 10:15:00
1259,reward_20pct_uplift,variant,2025-11-24 00:08:00
1261,reward_20pct_uplift,variant,2025-11-10 11:47:00
1262,reward_20pct_uplift,control,2025-11-13 20:31:00
1263,reward_20pct_uplift,control,2025-11-10 23:56:00
1265,reward_20pct_uplift,control,2025-11-29 11:21:00
1269,reward_20pct_uplift,variant,2025-11-22 03:20:00
1270,reward_20pct_uplift,control,2025-11-21 17:16:00
1272,reward_20pct_uplift,variant,2025-11-11 15:22:00
1273,reward_20pct_uplift,variant,2025-11-13 23:00:00
1274,reward_20pct_uplift,variant,2025-11-29 12:07:00
1275,reward_20pct_uplift,variant,2025-11-10 00:04:00
1280,reward_20pct_uplift,control,2025-11-30 21:37:00
1282,reward_20pct_uplift,control,2025-11-14 16:12:00
1283,reward_20pct_uplift,variant,2025-11-16 19:12:00
1284,reward_20pct_uplift,control,2025-12-03 02:50:00
1287,reward_20pct_uplift,variant,2025-11-12 10:58:00
1289,reward_20pct_uplift,variant,2025-11-18 10:59:00
1290,reward_20pct_uplift,control,2025-11-28 06:25:00
1291,reward_20pct_uplift,control,2025-11-19 20:19:00
1292,reward_20pct_uplift,control,2025-12-05 04:30:00
1293,reward_20pct_uplift,control,2025-11-27 01:42:00
1296,reward_20pct_uplift,variant,2025-11-11 05:37:00
1297,reward_20pct_uplift,variant,2025-11-10 23:45:00
1301,reward_20pct_uplift,control,2025-11-10 02:43:00
1302,reward_20pct_uplift,variant,2025-11-27 13:56:00
1304,reward_20pct_uplift,control,2025-11-10 04:23:00
1307,reward_20pct_uplift,variant,2025-11-30 09:28:00
1311,reward_20pct_uplift,variant,2025-11-12 13:14:00
1313,reward_20pct_uplift,control,2025-11-29 00:28:00
1314,reward_20pct_uplift,variant,2025-11-10 05:47:00
1315,reward_20pct_uplift,variant,2025-11-10 14:05:00
1316,reward_20pct_uplift,control,2025-12-07 00:20:00
1317,reward_20pct_uplift,control,2025-11-27 11:52:00
1318,reward_20pct_uplift,variant,2025-11-10 14:29:00
1321,reward_20pct_uplift,control,2025-11-22 05:10:00
1322,reward_20pct_uplift,control,2025-11-19 03:53:00
1323,reward_20pct_uplift,control,2025-11-10 11:46:00
1325,reward_20pct_uplift,variant,2025-11-10 17:14:00
1327,reward_20pct_uplift,control,2025-11-10 00:18:00
1332,reward_20pct_uplift,variant,2025-11-22 08:06:00
1333,reward_20pct_uplift,control,2025-11-25 23:59:00
1338,reward_20pct_uplift,control,2025-11-30 08:03:00
1340,reward_20pct_uplift,variant,2025-11-11 07:58:00
1341,reward_20pct_uplift,control,2025-11-10 17:42:00
1343,reward_20pct_uplift,variant,2025-11-20 11:31:00
1344,reward_20pct_uplift,control,2025-11-28 09:23:00
1346,reward_20pct_uplift,variant,2025-12-01 18:50:00
1347,reward_20pct_uplift,control,2025-11-15 00:44:00
1348,reward_20pct_uplift,variant,2025-11-10 17:06:00
1349,reward_20pct_uplift,control,2025-11-15 09:08:00
1350,reward_20pct_uplift,variant,2025-11-10 21:19:00
1353,reward_20pct_uplift,control,2025-11-10 17:23:00
1354,reward_20pct_uplift,control,2025-11-10 22:35:00
1357,reward_20pct_uplift,variant,2025-11-24 03:05:00
1358,reward_20pct_uplift,control,2025-11-19 04:32:00
1359,reward_20pct_uplift,control,2025-12-08 21:40:00
1360,reward_20pct_uplift,variant,2025-11-10 09:22:00
1361,reward_20pct_uplift,variant,2025-12-06 19:34:00
1362,reward_20pct_uplift,variant,2025-11-11 16:29:00
1363,reward_20pct_uplift,variant,2025-12-02 11:59:00
1365,reward_20pct_uplift,control,2025-11-19 01:04:00
1366,reward_20pct_uplift,control,2025-11-24 01:46:00
1367,reward_20pct_uplift,variant,2025-11-10 17:12:00
1369,reward_20pct_uplift,control,2025-11-10 02:20:00
1371,reward_20pct_uplift,control,2025-11-10 00:07:00
1373,reward_20pct_uplift,control,2025-11-13 05:16:00
1376,reward_20pct_uplift,control,2025-11-10 21:56:00
1381,reward_20pct_uplift,control,2025-11-16 15:02:00
1383,reward_20pct_uplift,control,2025-11-25 17:14:00
1386,reward_20pct_uplift,variant,2025-11-10 15:39:00
1393,reward_20pct_uplift,variant,2025-11-10 13:34:00
1394,reward_20pct_uplift,variant,2025-11-10 06:09:00
1396,reward_20pct_uplift,control,2025-11-10 10:17:00
1397,reward_20pct_uplift,control,2025-11-25 13:04:00
1399,reward_20pct_uplift,variant,2025-11-28 23:42:00
1401,reward_20pct_uplift,control,2025-11-17 21:34:00
1404,reward_20pct_uplift,control,2025-11-10 17:40:00
1405,reward_20pct_uplift,variant,2025-11-10 19:31:00
1406,reward_20pct_uplift,variant,2025-11-10 19:22:00
1408,reward_20pct_uplift,control,2025-11-10 16:01:00
1415,reward_20pct_uplift,variant,2025-11-10 19:48:00
1417,reward_20pct_uplift,variant,2025-11-26 01:45:00
1422,reward_20pct_uplift,variant,2025-11-20 00:31:00
1423,reward_20pct_uplift,control,2025-11-18 10:39:00
1425,reward_20pct_uplift,variant,2025-11-10 01:18:00
1430,reward_20pct_uplift,variant,2025-11-17 08:08:00
1432,reward_20pct_uplift,control,2025-12-02 04:45:00
1433,reward_20pct_uplift,variant,2025-11-10 22:59:00
1437,reward_20pct_uplift,variant,2025-11-10 15:43:00
1438,reward_20pct_uplift,control,2025-11-23 01:00:00
1441,reward_20pct_uplift,control,2025-11-10 14:58:00
1442,reward_20pct_uplift,control,2025-11-10 17:34:00
1446,reward_20pct_uplift,variant,2025-11-28 07:48:00
1448,reward_20pct_uplift,control,2025-11-25 21:11:00
1452,reward_20pct_uplift,variant,2025-12-02 23:21:00
1455,reward_20pct_uplift,control,2025-11-10 23:32:00
1456,reward_20pct_uplift,variant,2025-11-10 02:14:00
1458,reward_20pct_uplift,variant,2025-11-16 10:46:00
1460,reward_20pct_uplift,variant,2025-11-11 18:38:00
1462,reward_20pct_uplift,variant,2025-11-26 10:37:00
1465,reward_20pct_uplift,control,2025-12-05 11:32:00
1467,reward_20pct_uplift,control,2025-11-16 07:52:00
1473,reward_20pct_uplift,variant,2025-11-10 10:03:00
1474,reward_20pct_uplift,control,2025-11-22 16:40:00
1475,reward_20pct_uplift,variant,2025-11-24 00:36:00
1476,reward_20pct_uplift,variant,2025-11-23 19:11:00
1477,reward_20pct_uplift,variant,2025-11-16 17:28:00
1479,reward_20pct_uplift,control,2025-11-21 03:19:00
1480,reward_20pct_uplift,variant,2025-11-20 18:31:00
1481,reward_20pct_uplift,control,2025-11-15 12:30:00
1483,reward_20pct_uplift,variant,2025-11-30 07:39:00
1484,reward_20pct_uplift,variant,2025-11-10 10:55:00
1485,reward_20pct_uplift,variant,2025-12-04 12:24:00
1486,reward_20pct_uplift,variant,2025-11-10 05:03:00
1488,reward_20pct_uplift,control,2025-11-19 14:33:00
1490,reward_20pct_uplift,variant,2025-11-20 15:06:00
1491,reward_20pct_uplift,variant,2025-11-10 08:49:00
1493,reward_20pct_uplift,control,2025-12-05 11:03:00
1495,reward_20pct_uplift,variant,2025-11-16 14:46:00
1496,reward_20pct_uplift,variant,2025-12-04 12:05:00
1498,reward_20pct_uplift,variant,2025-12-03 10:25:00
1500,reward_20pct_uplift,variant,2025-12-06 22:56:00
1501,reward_20pct_uplift,control,2025-12-07 21:04:00
1503,reward_20pct_uplift,variant,2025-11-10 09:06:00
1504,reward_20pct_uplift,control,2025-11-15 17:14:00
1506,reward_20pct_uplift,variant,2025-11-23 19:26:00
1508,reward_20pct_uplift,control,2025-11-18 02:39:00
1517,reward_20pct_uplift,variant,2025-11-10 14:12:00
1519,reward_20pct_uplift,control,2025-11-10 19:11:00
1522,reward_20pct_uplift,control,2025-11-25 01:22:00
1528,reward_20pct_uplift,control,2025-11-20 08:06:00
1530,reward_20pct_uplift,variant,2025-11-10 19:08:00
1533,reward_20pct_uplift,control,2025-11-26 22:27:00
1535,reward_20pct_uplift,control,2025-11-10 23:49:00
1536,reward_20pct_uplift,control,2025-11-20 14:28:00
1540,reward_20pct_uplift,control,2025-11-17 01:01:00
1542,reward_20pct_uplift,variant,2025-11-10 00:39:00
1543,reward_20pct_uplift,control,2025-11-10 19:28:00
1544,reward_20pct_uplift,control,2025-11-10 17:37:00
1545,reward_20pct_uplift,control,2025-11-19 04:39:00
1550,reward_20pct_uplift,control,2025-11-10 03:08:00
1551,reward_20pct_uplift,control,2025-11-10 03:29:00
1552,reward_20pct_uplift,control,2025-11-17 21:03:00
1555,reward_20pct_uplift,control,2025-11-10 18:21:00
1559,reward_20pct_uplift,control,2025-12-04 22:45:00
1562,reward_20pct_uplift,control,2025-12-02 02:43:00
1566,reward_20pct_uplift,variant,2025-11-19 16:41:00
1567,reward_20pct_uplift,control,2025-11-10 22:10:00
1569,reward_20pct_uplift,variant,2025-11-20 12:47:00
1570,reward_20pct_uplift,variant,2025-11-22 18:34:00
1571,reward_20pct_uplift,variant,2025-11-14 14:26:00
1572,reward_20pct_uplift,control,2025-11-28 00:10:00
1573,reward_20pct_uplift,variant,2025-11-27 10:17:00
1583,reward_20pct_uplift,variant,2025-11-13 06:16:00
1584,reward_20pct_uplift,variant,2025-11-10 02:00:00
1585,reward_20pct_uplift,variant,2025-12-01 14:17:00
1588,reward_20pct_uplift,control,2025-11-27 22:17:00
1589,reward_20pct_uplift,variant,2025-11-10 01:17:00
1592,reward_20pct_uplift,variant,2025-11-10 07:54:00
1594,reward_20pct_uplift,control,2025-11-13 16:04:00
1596,reward_20pct_uplift,control,2025-12-07 07:30:00
1598,reward_20pct_uplift,variant,2025-11-10 02:47:00
1602,reward_20pct_uplift,control,2025-11-10 04:35:00
1606,reward_20pct_uplift,variant,2025-11-10 00:35:00
1608,reward_20pct_uplift,control,2025-11-10 23:49:00
1609,reward_20pct_uplift,variant,2025-11-16 11:47:00
1610,reward_20pct_uplift,control,2025-11-16 22:37:00
1611,reward_20pct_uplift,variant,2025-11-10 16:27:00
1614,reward_20pct_uplift,variant,2025-11-11 08:23:00
1616,reward_20pct_uplift,variant,2025-11-10 22:37:00
1617,reward_20pct_uplift,control,2025-11-10 06:14:00
1618,reward_20pct_uplift,control,2025-11-28 04:20:00
1622,reward_20pct_uplift,control,2025-11-24 19:19:00
1625,reward_20pct_uplift,control,2025-11-12 13:16:00
1631,reward_20pct_uplift,variant,2025-11-20 10:08:00
1633,reward_20pct_uplift,control,2025-12-04 14:06:00
1634,reward_20pct_uplift,control,2025-12-08 23:13:00
1636,reward_20pct_uplift,variant,2025-11-14 06:43:00
1637,reward_20pct_uplift,control,2025-11-13 21:37:00
1639,reward_20pct_uplift,control,2025-11-10 21:51:00
1642,reward_20pct_uplift,variant,2025-11-10 18:13:00
1643,reward_20pct_uplift,control,2025-11-19 03:46:00
1646,reward_20pct_uplift,variant,2025-11-19 02:09:00
1647,reward_20pct_uplift,variant,2025-11-10 02:53:00
1652,reward_20pct_uplift,control,2025-11-10 16:51:00
1653,reward_20pct_uplift,variant,2025-11-10 09:35:00
1654,reward_20pct_uplift,variant,2025-11-10 23:41:00
1657,reward_20pct_uplift,control,2025-11-10 00:09:00
1659,reward_20pct_uplift,variant,2025-11-13 08:57:00
1661,reward_20pct_uplift,control,2025-11-10 06:20:00
1664,reward_20pct_uplift,variant,2025-11-10 21:09:00
1668,reward_20pct_uplift,variant,2025-11-10 02:54:00
1669,reward_20pct_uplift,control,2025-11-10 09:47:00
1678,reward_20pct_uplift,control,2025-11-17 20:48:00
1680,reward_20pct_uplift,control,2025-11-24 23:18:00
1685,reward_20pct_uplift,variant,2025-11-10 21:59:00
1686,reward_20pct_uplift,variant,2025-11-10 15:41:00
1688,reward_20pct_uplift,control,2025-11-22 03:54:00
1689,reward_20pct_uplift,control,2025-11-29 02:18:00
1690,reward_20pct_uplift,variant,2025-11-12 09:51:00
1693,reward_20pct_uplift,control,2025-11-10 11:29:00
1695,reward_20pct_uplift,control,2025-12-07 12:20:00
1696,reward_20pct_uplift,control,2025-11-24 01:11:00
1703,reward_20pct_uplift,variant,2025-11-10 16:12:00
1704,reward_20pct_uplift,control,2025-12-04 09:28:00
1705,reward_20pct_uplift,variant,2025-11-20 02:36:00
1708,reward_20pct_uplift,variant,2025-11-14 21:58:00
1712,reward_20pct_uplift,control,2025-11-11 08:33:00
1717,reward_20pct_uplift,variant,2025-11-10 05:34:00
1718,reward_20pct_uplift,control,2025-12-01 11:49:00
1719,reward_20pct_uplift,control,2025-12-05 22:48:00
1721,reward_20pct_uplift,variant,2025-11-10 19:47:00
1722,reward_20pct_uplift,control,2025-11-10 02:23:00
1725,reward_20pct_uplift,variant,2025-11-22 16:28:00
1726,reward_20pct_uplift,variant,2025-11-10 15:57:00
1729,reward_20pct_uplift,control,2025-11-10 21:15:00
1730,reward_20pct_uplift,variant,2025-11-13 23:10:00
1732,reward_20pct_uplift,variant,2025-11-10 17:54:00
1734,reward_20pct_uplift,control,2025-11-10 15:41:00
1738,reward_20pct_uplift,variant,2025-11-10 08:29:00
1739,reward_20pct_uplift,variant,2025-11-25 21:34:00
1741,reward_20pct_uplift,control,2025-11-10 22:38:00
1742,reward_20pct_uplift,control,2025-11-10 23:47:00
1746,reward_20pct_uplift,control,2025-12-04 22:54:00
1748,reward_20pct_uplift,control,2025-11-25 15:24:00
1749,reward_20pct_uplift,control,2025-11-20 22:57:00
1750,reward_20pct_uplift,variant,2025-11-17 18:46:00
1751,reward_20pct_uplift,variant,2025-12-04 05:45:00
1752,reward_20pct_uplift,variant,2025-11-10 00:46:00
1761,reward_20pct_uplift,control,2025-11-10 23:32:00
1764,reward_20pct_uplift,control,2025-11-10 10:15:00
1768,reward_20pct_uplift,control,2025-11-10 20:57:00
1771,reward_20pct_uplift,control,2025-11-29 06:55:00
1773,reward_20pct_uplift,variant,2025-12-03 08:39:00
1775,reward_20pct_uplift,control,2025-12-04 19:46:00
1776,reward_20pct_uplift,variant,2025-11-24 12:36:00
1780,reward_20pct_uplift,control,2025-11-19 16:15:00
1788,reward_20pct_uplift,variant,2025-12-08 07:41:00
1790,reward_20pct_uplift,variant,2025-11-10 14:44:00
1793,reward_20pct_uplift,variant,2025-11-10 11:41:00
1794,reward_20pct_uplift,variant,2025-12-08 22:21:00
1796,reward_20pct_uplift,variant,2025-11-10 11:48:00
1797,reward_20pct_uplift,variant,2025-11-28 02:07:00
1800,reward_20pct_uplift,control,2025-12-02 17:40:00
1801,reward_20pct_uplift,control,2025-12-01 22:53:00
1802,reward_20pct_uplift,variant,2025-12-03 21:11:00
1804,reward_20pct_uplift,control,2025-12-08 02:25:00
1805,reward_20pct_uplift,variant,2025-12-07 23:57:00
1806,reward_20pct_uplift,control,2025-12-07 08:19:00
1807,reward_20pct_uplift,variant,2025-11-10 20:00:00
1808,reward_20pct_uplift,control,2025-11-17 15:07:00
1809,reward_20pct_uplift,variant,2025-11-14 23:21:00
1810,reward_20pct_uplift,control,2025-11-10 08:11:00
1812,reward_20pct_uplift,control,2025-11-17 14:35:00
1814,reward_20pct_uplift,variant,2025-11-10 16:22:00
1818,reward_20pct_uplift,control,2025-11-20 03:42:00
1819,reward_20pct_uplift,control,2025-11-22 18:36:00
1820,reward_20pct_uplift,variant,2025-12-02 03:26:00
1822,reward_20pct_uplift,variant,2025-11-21 19:53:00
1823,reward_20pct_uplift,control,2025-11-25 03:01:00
1824,reward_20pct_uplift,variant,2025-12-01 04:18:00
1826,reward_20pct_uplift,control,2025-11-10 11:52:00
1827,reward_20pct_uplift,control,2025-11-23 04:22:00
1830,reward_20pct_uplift,variant,2025-11-21 01:50:00
1834,reward_20pct_uplift,control,2025-11-10 01:15:00
1836,reward_20pct_uplift,control,2025-11-10 06:52:00
1838,reward_20pct_uplift,control,2025-11-16 11:46:00
1841,reward_20pct_uplift,variant,2025-11-10 01:03:00
1842,reward_20pct_uplift,variant,2025-11-28 03:18:00
1845,reward_20pct_uplift,control,2025-11-10 14:40:00
1846,reward_20pct_uplift,variant,2025-12-03 07:38:00
1848,reward_20pct_uplift,variant,2025-12-04 18:11:00
1849,reward_20pct_uplift,control,2025-11-14 20:10:00
1851,reward_20pct_uplift,variant,2025-11-10 00:43:00
1858,reward_20pct_uplift,control,2025-11-10 22:46:00
1860,reward_20pct_uplift,control,2025-11-10 16:24:00
1861,reward_20pct_uplift,control,2025-11-29 19:43:00
1864,reward_20pct_uplift,control,2025-11-24 11:28:00
1865,reward_20pct_uplift,variant,2025-12-04 00:00:00
1868,reward_20pct_uplift,variant,2025-11-10 21:14:00
1869,reward_20pct_uplift,variant,2025-11-25 13:37:00
1871,reward_20pct_uplift,control,2025-11-10 00:53:00
1872,reward_20pct_uplift,control,2025-11-17 03:59:00
1879,reward_20pct_uplift,control,2025-11-26 04:56:00
1880,reward_20pct_uplift,control,2025-11-27 09:01:00
1881,reward_20pct_uplift,variant,2025-11-22 10:37:00
1882,reward_20pct_uplift,variant,2025-12-04 10:16:00
1883,reward_20pct_uplift,variant,2025-11-14 20:50:00
1886,reward_20pct_uplift,variant,2025-11-10 22:37:00
1888,reward_20pct_uplift,control,2025-11-10 16:17:00
1890,reward_20pct_uplift,control,2025-11-17 15:12:00
1893,reward_20pct_uplift,control,2025-11-27 20:44:00
1897,reward_20pct_uplift,variant,2025-12-05 06:25:00
1900,reward_20pct_uplift,control,2025-11-10 13:23:00
1901,reward_20pct_uplift,control,2025-11-29 15:25:00
1904,reward_20pct_uplift,variant,2025-11-10 06:51:00
1905,reward_20pct_uplift,control,2025-12-01 22:50:00
1906,reward_20pct_uplift,variant,2025-11-17 05:39:00
1907,reward_20pct_uplift,control,2025-11-17 01:25:00
1908,reward_20pct_uplift,variant,2025-11-10 07:45:00
1914,reward_20pct_uplift,control,2025-11-26 19:35:00
1915,reward_20pct_uplift,variant,2025-11-10 08:59:00
1917,reward_20pct_uplift,variant,2025-12-06 05:12:00
1919,reward_20pct_uplift,control,2025-12-01 20:56:00
1921,reward_20pct_uplift,variant,2025-11-21 03:40:00
1922,reward_20pct_uplift,variant,2025-11-10 03:48:00
1924,reward_20pct_uplift,variant,2025-11-10 21:34:00
1925,reward_20pct_uplift,variant,2025-11-10 07:42:00
1926,reward_20pct_uplift,variant,2025-11-10 00:02:00
1927,reward_20pct_uplift,control,2025-11-10 10:24:00
1929,reward_20pct_uplift,control,2025-11-10 17:47:00
1930,reward_20pct_uplift,control,2025-11-17 18:10:00
1931,reward_20pct_uplift,variant,2025-12-04 02:05:00
1932,reward_20pct_uplift,variant,2025-12-01 06:45:00
1936,reward_20pct_uplift,variant,2025-11-10 14:49:00
1937,reward_20pct_uplift,control,2025-11-20 15:50:00
1938,reward_20pct_uplift,variant,2025-12-01 14:54:00
1941,reward_20pct_uplift,variant,2025-11-10 08:06:00
1942,reward_20pct_uplift,control,2025-11-18 20:42:00
1943,reward_20pct_uplift,variant,2025-11-14 01:52:00
1944,reward_20pct_uplift,control,2025-11-10 19:44:00
1949,reward_20pct_uplift,variant,2025-11-10 22:33:00
1952,reward_20pct_uplift,control,2025-11-10 16:26:00
1957,reward_20pct_uplift,variant,2025-11-26 10:18:00
1962,reward_20pct_uplift,control,2025-11-15 09:07:00
1963,reward_20pct_uplift,control,2025-11-28 10:27:00
1966,reward_20pct_uplift,variant,2025-11-10 03:59:00
1969,reward_20pct_uplift,variant,2025-11-20 05:19:00
1971,reward_20pct_uplift,control,2025-11-10 15:15:00
1975,reward_20pct_uplift,control,2025-11-10 13:12:00
1977,reward_20pct_uplift,variant,2025-11-19 11:55:00
1982,reward_20pct_uplift,variant,2025-11-11 11:23:00
1984,reward_20pct_uplift,control,2025-11-10 01:52:00
1985,reward_20pct_uplift,control,2025-12-02 20:49:00
1992,reward_20pct_uplift,control,2025-12-07 22:56:00
1995,reward_20pct_uplift,variant,2025-11-20 05:53:00
1997,reward_20pct_uplift,variant,2025-11-10 07:32:00
1998,reward_20pct_uplift,variant,2025-11-10 15:07:00
2000,reward_20pct_uplift,control,2025-11-24 00:03:00
